-- phpMyAdmin SQL Dump
-- version 4.8.5
-- https://www.phpmyadmin.net/
--
-- Host: 127.0.0.1
-- Generation Time: 17-Nov-2021 às 23:25
-- Versão do servidor: 10.1.38-MariaDB
-- versão do PHP: 7.3.2

SET SQL_MODE = "NO_AUTO_VALUE_ON_ZERO";
SET AUTOCOMMIT = 0;
START TRANSACTION;
SET time_zone = "+00:00";


/*!40101 SET @OLD_CHARACTER_SET_CLIENT=@@CHARACTER_SET_CLIENT */;
/*!40101 SET @OLD_CHARACTER_SET_RESULTS=@@CHARACTER_SET_RESULTS */;
/*!40101 SET @OLD_COLLATION_CONNECTION=@@COLLATION_CONNECTION */;
/*!40101 SET NAMES utf8mb4 */;

--
-- Database: `news`
--

-- --------------------------------------------------------

--
-- Estrutura da tabela `categories`
--

CREATE TABLE `categories` (
  `id` int(11) UNSIGNED NOT NULL,
  `name` varchar(100) COLLATE utf8mb4_unicode_ci NOT NULL,
  `slug` varchar(191) COLLATE utf8mb4_unicode_ci NOT NULL
) ENGINE=InnoDB DEFAULT CHARSET=utf8mb4 COLLATE=utf8mb4_unicode_ci;

--
-- Extraindo dados da tabela `categories`
--

INSERT INTO `categories` (`id`, `name`, `slug`) VALUES
(1, 'Biografia', 'biografia'),
(2, 'Tecnologia', 'tecnologia'),
(3, 'Jogos Digítais', 'jogos-digitais');

-- --------------------------------------------------------

--
-- Estrutura da tabela `notices`
--

CREATE TABLE `notices` (
  `id` int(11) UNSIGNED NOT NULL,
  `title` varchar(191) COLLATE utf8mb4_unicode_ci NOT NULL,
  `slug` varchar(191) COLLATE utf8mb4_unicode_ci NOT NULL,
  `tags` varchar(191) COLLATE utf8mb4_unicode_ci DEFAULT NULL,
  `visible` tinyint(1) NOT NULL DEFAULT '0',
  `visits` int(11) UNSIGNED NOT NULL DEFAULT '0',
  `description` text COLLATE utf8mb4_unicode_ci NOT NULL,
  `content` longtext COLLATE utf8mb4_unicode_ci NOT NULL,
  `poster` varchar(191) COLLATE utf8mb4_unicode_ci NOT NULL,
  `user_id` int(11) UNSIGNED DEFAULT NULL,
  `created_at` timestamp NOT NULL DEFAULT CURRENT_TIMESTAMP ON UPDATE CURRENT_TIMESTAMP,
  `updated_at` timestamp NOT NULL DEFAULT '0000-00-00 00:00:00'
) ENGINE=InnoDB DEFAULT CHARSET=utf8mb4 COLLATE=utf8mb4_unicode_ci;

-- --------------------------------------------------------

--
-- Estrutura da tabela `notices_categories`
--

CREATE TABLE `notices_categories` (
  `id` int(11) UNSIGNED NOT NULL,
  `notice_id` int(11) UNSIGNED NOT NULL,
  `category_id` int(11) UNSIGNED NOT NULL
) ENGINE=InnoDB DEFAULT CHARSET=utf8mb4 COLLATE=utf8mb4_unicode_ci;

-- --------------------------------------------------------

--
-- Estrutura da tabela `permissions`
--

CREATE TABLE `permissions` (
  `id` int(11) UNSIGNED NOT NULL,
  `name` varchar(50) COLLATE utf8mb4_unicode_ci NOT NULL,
  `description` text COLLATE utf8mb4_unicode_ci NOT NULL
) ENGINE=InnoDB DEFAULT CHARSET=utf8mb4 COLLATE=utf8mb4_unicode_ci;

--
-- Extraindo dados da tabela `permissions`
--

INSERT INTO `permissions` (`id`, `name`, `description`) VALUES
(1, 'view.users', 'view.users'),
(2, 'create.users', 'create.users'),
(3, 'edit.users', 'edit.users'),
(4, 'delete.users', 'delete.users'),
(5, 'view.notices', 'view.notices'),
(6, 'create.notices', 'create.notices'),
(7, 'edit.notices', 'edit.notices'),
(8, 'delete.notices', 'delete.notices'),
(9, 'view.categories', 'view.categories'),
(10, 'create.categories', 'create.categories'),
(11, 'edit.categories', 'edit.categories'),
(12, 'delete.categories', 'delete.categories'),
(13, 'view.roles', 'view.roles'),
(14, 'create.roles', 'create.roles'),
(15, 'edit.roles', 'edit.roles'),
(16, 'delete.roles', 'delete.roles'),
(17, 'view.permissions', 'view.permissions'),
(18, 'create.permissions', 'create.permissions'),
(19, 'edit.permissions', 'edit.permissions'),
(20, 'delete.permissions', 'delete.permissions');

-- --------------------------------------------------------

--
-- Estrutura da tabela `roles`
--

CREATE TABLE `roles` (
  `id` int(11) UNSIGNED NOT NULL,
  `name` varchar(50) COLLATE utf8mb4_unicode_ci NOT NULL,
  `description` text COLLATE utf8mb4_unicode_ci NOT NULL
) ENGINE=InnoDB DEFAULT CHARSET=utf8mb4 COLLATE=utf8mb4_unicode_ci;

--
-- Extraindo dados da tabela `roles`
--

INSERT INTO `roles` (`id`, `name`, `description`) VALUES
(1, 'Administração', 'Administrador do Sistema'),
(2, 'Usuário', 'Usuário comum do sisitema');

-- --------------------------------------------------------

--
-- Estrutura da tabela `roles_permissions`
--

CREATE TABLE `roles_permissions` (
  `id` int(11) UNSIGNED NOT NULL,
  `role_id` int(11) UNSIGNED NOT NULL,
  `permission_id` int(11) UNSIGNED NOT NULL
) ENGINE=InnoDB DEFAULT CHARSET=utf8mb4 COLLATE=utf8mb4_unicode_ci;

--
-- Extraindo dados da tabela `roles_permissions`
--

INSERT INTO `roles_permissions` (`id`, `role_id`, `permission_id`) VALUES
(2, 1, 2),
(3, 1, 3),
(4, 1, 4),
(5, 1, 5),
(6, 1, 6),
(7, 1, 7),
(8, 1, 8),
(9, 1, 9),
(10, 1, 10),
(11, 1, 11),
(12, 1, 12),
(13, 1, 13),
(14, 1, 14),
(15, 1, 15),
(16, 1, 16),
(17, 1, 17),
(18, 1, 18),
(19, 1, 19),
(20, 1, 20),
(22, 1, 1),
(23, 2, 1),
(24, 2, 5),
(25, 2, 9),
(26, 2, 13),
(27, 2, 17);

-- --------------------------------------------------------

--
-- Estrutura da tabela `users`
--

CREATE TABLE `users` (
  `id` int(11) UNSIGNED NOT NULL,
  `name` varchar(100) COLLATE utf8mb4_unicode_ci NOT NULL,
  `email` varchar(100) COLLATE utf8mb4_unicode_ci NOT NULL,
  `password` varchar(100) COLLATE utf8mb4_unicode_ci NOT NULL,
  `created_at` timestamp NOT NULL DEFAULT CURRENT_TIMESTAMP ON UPDATE CURRENT_TIMESTAMP,
  `updated_at` timestamp NOT NULL DEFAULT '0000-00-00 00:00:00'
) ENGINE=InnoDB DEFAULT CHARSET=utf8mb4 COLLATE=utf8mb4_unicode_ci;

--
-- Extraindo dados da tabela `users`
--

INSERT INTO `users` (`id`, `name`, `email`, `password`, `created_at`, `updated_at`) VALUES
(1, 'Ryan Menezes', 'menezesryan1010@gmail.com', '$2y$10$t/Ay9IJIcHUAlisbw/BZbu1y7xc55VeNAFs8rIMpaP7rdqzppSgk6', '2021-11-14 16:37:27', '2021-11-14 17:37:27'),
(2, 'Carlos Oliveira Editado', 'carlos@gmail.com', '$2y$10$FUenrS2ZbqTdR/ajVDPtmeZNvseMps6q5y/avDQ2r4iqhlwbtGapK', '2021-11-14 19:01:29', '2021-11-14 20:01:29'),
(3, 'Nicolas', 'nicolas@gmail.com', '', '2021-11-14 15:50:05', '2021-11-14 16:50:05'),
(4, 'Kaio Mendes', 'kaio@gmail.com', '$2y$10$Dyrv8sx6Dj7VO6ylNXRok.HK.JpZgX4PwHfso8HO3mtJYI.kWJ8Om', '2021-11-15 15:21:30', '2021-11-15 16:21:30'),
(5, 'João Gomes', 'joao@gmail.com', '$2y$10$rxLkuubkDUhkVuWA6rsOgO4iX4ZMK1Bb5HibaTfme1/lU5fOwPqkC', '2021-11-13 20:22:39', '2021-11-13 20:22:39'),
(6, 'Marcos Lucas', 'marcos@gmail.com', '', '2021-11-14 15:50:28', '2021-11-14 16:50:28'),
(7, 'Ana Júlia', 'ana@gmail.com', '$2y$10$WBR7uyAZrvjf53iw5c.RzenmGH13dy8NepoNqD8T2ut1vvsX1cSlq', '2021-11-13 20:23:24', '2021-11-13 20:23:24'),
(8, 'Jaime Oliveira', 'jaime@gmail.com', '$2y$10$NcqaWkpTwAZSYNajih95betKaFbD02qwekHsDmDdEg0RsxlniRc0m', '2021-11-14 20:06:24', '2021-11-14 20:06:24'),
(10, 'Nicole Dantas', 'nicole@gmail.com', '$2y$10$Rd6EUhj31JyvMIXi8CQ/xudMHhO7GgIId1LWfR28GxdtLwrKoITvm', '2021-11-14 20:07:19', '2021-11-14 20:07:19'),
(11, 'Marília Santos', 'marilia@gmail.com', '$2y$10$/ceOWx1CGURPy8q1h99Zce9kxc1ei0TXkDHSq5oaBqw/K5YNEQK/y', '2021-11-14 20:07:46', '2021-11-14 20:07:46');

-- --------------------------------------------------------

--
-- Estrutura da tabela `users_roles`
--

CREATE TABLE `users_roles` (
  `id` int(11) UNSIGNED NOT NULL,
  `user_id` int(11) UNSIGNED NOT NULL,
  `role_id` int(11) UNSIGNED NOT NULL
) ENGINE=InnoDB DEFAULT CHARSET=utf8mb4 COLLATE=utf8mb4_unicode_ci;

--
-- Extraindo dados da tabela `users_roles`
--

INSERT INTO `users_roles` (`id`, `user_id`, `role_id`) VALUES
(9, 1, 1),
(10, 4, 2);

--
-- Indexes for dumped tables
--

--
-- Indexes for table `categories`
--
ALTER TABLE `categories`
  ADD PRIMARY KEY (`id`);

--
-- Indexes for table `notices`
--
ALTER TABLE `notices`
  ADD PRIMARY KEY (`id`),
  ADD UNIQUE KEY `title` (`title`),
  ADD UNIQUE KEY `slug` (`slug`),
  ADD KEY `user_id` (`user_id`);

--
-- Indexes for table `notices_categories`
--
ALTER TABLE `notices_categories`
  ADD PRIMARY KEY (`id`),
  ADD KEY `notice_id` (`notice_id`),
  ADD KEY `category_id` (`category_id`);

--
-- Indexes for table `permissions`
--
ALTER TABLE `permissions`
  ADD PRIMARY KEY (`id`);

--
-- Indexes for table `roles`
--
ALTER TABLE `roles`
  ADD PRIMARY KEY (`id`);

--
-- Indexes for table `roles_permissions`
--
ALTER TABLE `roles_permissions`
  ADD PRIMARY KEY (`id`),
  ADD KEY `role_id` (`role_id`),
  ADD KEY `permission_id` (`permission_id`);

--
-- Indexes for table `users`
--
ALTER TABLE `users`
  ADD PRIMARY KEY (`id`);

--
-- Indexes for table `users_roles`
--
ALTER TABLE `users_roles`
  ADD PRIMARY KEY (`id`),
  ADD KEY `role_id` (`role_id`),
  ADD KEY `user_id` (`user_id`);

--
-- AUTO_INCREMENT for dumped tables
--

--
-- AUTO_INCREMENT for table `categories`
--
ALTER TABLE `categories`
  MODIFY `id` int(11) UNSIGNED NOT NULL AUTO_INCREMENT, AUTO_INCREMENT=5;

--
-- AUTO_INCREMENT for table `notices`
--
ALTER TABLE `notices`
  MODIFY `id` int(11) UNSIGNED NOT NULL AUTO_INCREMENT;

--
-- AUTO_INCREMENT for table `notices_categories`
--
ALTER TABLE `notices_categories`
  MODIFY `id` int(11) UNSIGNED NOT NULL AUTO_INCREMENT, AUTO_INCREMENT=21;

--
-- AUTO_INCREMENT for table `permissions`
--
ALTER TABLE `permissions`
  MODIFY `id` int(11) UNSIGNED NOT NULL AUTO_INCREMENT, AUTO_INCREMENT=21;

--
-- AUTO_INCREMENT for table `roles`
--
ALTER TABLE `roles`
  MODIFY `id` int(11) UNSIGNED NOT NULL AUTO_INCREMENT, AUTO_INCREMENT=4;

--
-- AUTO_INCREMENT for table `roles_permissions`
--
ALTER TABLE `roles_permissions`
  MODIFY `id` int(11) UNSIGNED NOT NULL AUTO_INCREMENT, AUTO_INCREMENT=30;

--
-- AUTO_INCREMENT for table `users`
--
ALTER TABLE `users`
  MODIFY `id` int(11) UNSIGNED NOT NULL AUTO_INCREMENT, AUTO_INCREMENT=12;

--
-- AUTO_INCREMENT for table `users_roles`
--
ALTER TABLE `users_roles`
  MODIFY `id` int(11) UNSIGNED NOT NULL AUTO_INCREMENT, AUTO_INCREMENT=11;

--
-- Constraints for dumped tables
--

--
-- Limitadores para a tabela `notices`
--
ALTER TABLE `notices`
  ADD CONSTRAINT `notices_ibfk_1` FOREIGN KEY (`user_id`) REFERENCES `users` (`id`) ON DELETE SET NULL ON UPDATE CASCADE;

--
-- Limitadores para a tabela `notices_categories`
--
ALTER TABLE `notices_categories`
  ADD CONSTRAINT `notices_categories_ibfk_1` FOREIGN KEY (`notice_id`) REFERENCES `notices` (`id`) ON DELETE CASCADE ON UPDATE CASCADE,
  ADD CONSTRAINT `notices_categories_ibfk_2` FOREIGN KEY (`category_id`) REFERENCES `categories` (`id`) ON DELETE CASCADE ON UPDATE CASCADE;

--
-- Limitadores para a tabela `roles_permissions`
--
ALTER TABLE `roles_permissions`
  ADD CONSTRAINT `roles_permissions_ibfk_1` FOREIGN KEY (`role_id`) REFERENCES `roles` (`id`) ON DELETE CASCADE ON UPDATE CASCADE,
  ADD CONSTRAINT `roles_permissions_ibfk_2` FOREIGN KEY (`permission_id`) REFERENCES `permissions` (`id`) ON DELETE CASCADE ON UPDATE CASCADE;

--
-- Limitadores para a tabela `users_roles`
--
ALTER TABLE `users_roles`
  ADD CONSTRAINT `users_roles_ibfk_1` FOREIGN KEY (`role_id`) REFERENCES `roles` (`id`) ON DELETE CASCADE ON UPDATE CASCADE,
  ADD CONSTRAINT `users_roles_ibfk_2` FOREIGN KEY (`user_id`) REFERENCES `users` (`id`) ON DELETE CASCADE ON UPDATE CASCADE;
COMMIT;

/*!40101 SET CHARACTER_SET_CLIENT=@OLD_CHARACTER_SET_CLIENT */;
/*!40101 SET CHARACTER_SET_RESULTS=@OLD_CHARACTER_SET_RESULTS */;
/*!40101 SET COLLATION_CONNECTION=@OLD_COLLATION_CONNECTION */;
