-- phpMyAdmin SQL Dump
-- version 4.8.5
-- https://www.phpmyadmin.net/
--
-- Host: 127.0.0.1
-- Generation Time: 19-Nov-2021 às 00:06
-- Versão do servidor: 10.1.38-MariaDB
-- versão do PHP: 7.3.2

SET SQL_MODE = "NO_AUTO_VALUE_ON_ZERO";
SET AUTOCOMMIT = 0;
START TRANSACTION;
SET time_zone = "+00:00";


/*!40101 SET @OLD_CHARACTER_SET_CLIENT=@@CHARACTER_SET_CLIENT */;
/*!40101 SET @OLD_CHARACTER_SET_RESULTS=@@CHARACTER_SET_RESULTS */;
/*!40101 SET @OLD_COLLATION_CONNECTION=@@COLLATION_CONNECTION */;
/*!40101 SET NAMES utf8mb4 */;

--
-- Database: `news`
--

-- --------------------------------------------------------

--
-- Estrutura da tabela `categories`
--

CREATE TABLE `categories` (
  `id` int(11) UNSIGNED NOT NULL,
  `name` varchar(100) COLLATE utf8mb4_unicode_ci NOT NULL,
  `slug` varchar(191) COLLATE utf8mb4_unicode_ci NOT NULL
) ENGINE=InnoDB DEFAULT CHARSET=utf8mb4 COLLATE=utf8mb4_unicode_ci;

--
-- Extraindo dados da tabela `categories`
--

INSERT INTO `categories` (`id`, `name`, `slug`) VALUES
(1, 'Biografia', 'biografia'),
(2, 'Tecnologia', 'tecnologia'),
(3, 'Jogos Digítais', 'jogos-digitais'),
(5, 'Comida', 'comida'),
(6, 'Esportes', 'esportes'),
(7, 'Politica', 'politica'),
(8, 'Educação', 'educacao'),
(9, 'Saúde', 'saude'),
(10, 'Bem Estar', 'bem-estar'),
(11, 'Internacional', 'internacional'),
(12, 'Covid-19', 'covid-19'),
(13, 'Coronavirus', 'coronavirus'),
(14, 'Fofoca', 'fofoca'),
(15, 'Curiosidades', 'curiosidades'),
(16, 'Musica', 'musica'),
(17, 'Filmes', 'filmes'),
(18, 'Series', 'series');

-- --------------------------------------------------------

--
-- Estrutura da tabela `notices`
--

CREATE TABLE `notices` (
  `id` int(11) UNSIGNED NOT NULL,
  `title` varchar(191) COLLATE utf8mb4_unicode_ci NOT NULL,
  `slug` varchar(191) COLLATE utf8mb4_unicode_ci NOT NULL,
  `tags` varchar(191) COLLATE utf8mb4_unicode_ci DEFAULT NULL,
  `visible` tinyint(1) NOT NULL DEFAULT '0',
  `visits` int(11) UNSIGNED NOT NULL DEFAULT '0',
  `description` text COLLATE utf8mb4_unicode_ci NOT NULL,
  `content` longtext COLLATE utf8mb4_unicode_ci NOT NULL,
  `poster` varchar(191) COLLATE utf8mb4_unicode_ci NOT NULL,
  `user_id` int(11) UNSIGNED DEFAULT NULL,
  `created_at` timestamp NOT NULL DEFAULT CURRENT_TIMESTAMP ON UPDATE CURRENT_TIMESTAMP,
  `updated_at` timestamp NOT NULL DEFAULT '0000-00-00 00:00:00'
) ENGINE=InnoDB DEFAULT CHARSET=utf8mb4 COLLATE=utf8mb4_unicode_ci;

--
-- Extraindo dados da tabela `notices`
--

INSERT INTO `notices` (`id`, `title`, `slug`, `tags`, `visible`, `visits`, `description`, `content`, `poster`, `user_id`, `created_at`, `updated_at`) VALUES
(3, 'Novo restaurante em são paulo', 'novo-restaurante-em-sao-paulo', 'restaurante, novo, são paulo, sp, comida, vegetariano', 1, 0, 'Lorem ipsum dolor sit amet. Est maiores beatae ea molestiae facere ex earum dolores sed accusantium error. Aut rerum nulla et repudiandae cumque quo recusandae expedita et mollitia nemo et quasi odit qui ullam aliquam. Aut fugit minima sed enim consequuntur non omnis optio sed saepe.', '{\"elements\":[{\"type\":\"paragraph\",\"content\":\"Lorem ipsum dolor sit amet. Est maiores beatae ea molestiae facere ex earum dolores sed accusantium error. Aut rerum nulla et repudiandae cumque quo recusandae expedita et mollitia nemo et quasi odit qui ullam aliquam. Aut fugit minima sed enim consequuntur non omnis optio sed saepe.\\r\\n\\r\\n33 velit beatae qui quia aspernatur 33 officiis praesentium vel porro enim. Aut autem nihil eum pariatur eius qui voluptate possimus. Ad cumque magnam ut consectetur autem ex temporibus quia et delectus minima eos veniam tempore ea dolor atque. Aut labore aperiam sit consequatur accusamus hic sequi reprehenderit.\\r\\n\\r\\nQui error quam cum unde expedita non inventore modi qui inventore quae. Doloribus quis in voluptas unde aut exercitationem tempore sit quia enim ut aperiam magni eos quia veli\"},{\"type\":\"image\",\"src\":\"notices\\/fb85f10f77e2565d9ffec0b359555495.jpg\",\"title\":\"Restaurante Novo\"},{\"type\":\"paragraph\",\"content\":\"Lorem ipsum dolor sit amet. Est maiores beatae ea molestiae facere ex earum dolores sed accusantium error. Aut rerum nulla et repudiandae cumque quo recusandae expedita et mollitia nemo et quasi odit qui ullam aliquam. Aut fugit minima sed enim consequuntur non omnis optio sed saepe.\\r\\n\\r\\n33 velit beatae qui quia aspernatur 33 officiis praesentium vel porro enim. Aut autem nihil eum pariatur eius qui voluptate possimus. Ad cumque magnam ut consectetur autem ex temporibus quia et delectus minima eos veniam tempore ea dolor atque. Aut labore aperiam sit consequatur accusamus hic sequi reprehenderit.\\r\\n\\r\\nQui error quam cum unde expedita non inventore modi qui inventore quae. Doloribus quis in voluptas unde aut exercitationem tempore sit quia enim ut aperiam magni eos quia veli\"},{\"type\":\"paragraph\",\"content\":\"Lorem ipsum dolor sit amet. Est maiores beatae ea molestiae facere ex earum dolores sed accusantium error. Aut rerum nulla et repudiandae cumque quo recusandae expedita et mollitia nemo et quasi odit qui ullam aliquam. Aut fugit minima sed enim consequuntur non omnis optio sed saepe.\\r\\n\\r\\n33 velit beatae qui quia aspernatur 33 officiis praesentium vel porro enim. Aut autem nihil eum pariatur eius qui voluptate possimus. Ad cumque magnam ut consectetur autem ex temporibus quia et delectus minima eos veniam tempore ea dolor atque. Aut labore aperiam sit consequatur accusamus hic sequi reprehenderit.\\r\\n\\r\\nQui error quam cum unde expedita non inventore modi qui inventore quae. Doloribus quis in voluptas unde aut exercitationem tempore sit quia enim ut aperiam magni eos quia veli\"},{\"type\":\"paragraph\",\"content\":\"Lorem ipsum dolor sit amet. Est maiores beatae ea molestiae facere ex earum dolores sed accusantium error. Aut rerum nulla et repudiandae cumque quo recusandae expedita et mollitia nemo et quasi odit qui ullam aliquam. Aut fugit minima sed enim consequuntur non omnis optio sed saepe.\\r\\n\\r\\n33 velit beatae qui quia aspernatur 33 officiis praesentium vel porro enim. Aut autem nihil eum pariatur eius qui voluptate possimus. Ad cumque magnam ut consectetur autem ex temporibus quia et delectus minima eos veniam tempore ea dolor atque. Aut labore aperiam sit consequatur accusamus hic sequi reprehenderit.\\r\\n\\r\\nQui error quam cum unde expedita non inventore modi qui inventore quae. Doloribus quis in voluptas unde aut exercitationem tempore sit quia enim ut aperiam magni eos quia veli\"},{\"type\":\"image\",\"src\":\"notices\\/609a4e2926f3e1269d71ce2789c96220.jpg\",\"title\":\"Nosso Restaurante\"},{\"type\":\"paragraph\",\"content\":\"Lorem ipsum dolor sit amet. Est maiores beatae ea molestiae facere ex earum dolores sed accusantium error. Aut rerum nulla et repudiandae cumque quo recusandae expedita et mollitia nemo et quasi odit qui ullam aliquam. Aut fugit minima sed enim consequuntur non omnis optio sed saepe.\\r\\n\\r\\n33 velit beatae qui quia aspernatur 33 officiis praesentium vel porro enim. Aut autem nihil eum pariatur eius qui voluptate possimus. Ad cumque magnam ut consectetur autem ex temporibus quia et delectus minima eos veniam tempore ea dolor atque. Aut labore aperiam sit consequatur accusamus hic sequi reprehenderit.\\r\\n\\r\\nQui error quam cum unde expedita non inventore modi qui inventore quae. Doloribus quis in voluptas unde aut exercitationem tempore sit quia enim ut aperiam magni eos quia veli\"}]}', 'notices/0d1da218ca0207586aab73ba278c02fa.jpg', 1, '2021-11-18 22:33:52', '2021-11-18 22:33:52'),
(4, 'Nasa descobre nova galáxia próxima da via láctea', 'nasa-descobre-nova-galaxia-proxima-da-via-lactea', 'espaço, galáxia, ciência, descobertas, nasa, astrologia', 1, 0, 'Lorem ipsum dolor sit amet. Est maiores beatae ea molestiae facere ex earum dolores sed accusantium error. Aut rerum nulla et repudiandae cumque quo recusandae expedita et mollitia nemo et quasi odit qui ullam aliquam. Aut fugit minima sed enim consequuntur non omnis optio sed saepe.', '{\"elements\":[{\"type\":\"paragraph\",\"content\":\"Lorem ipsum dolor sit amet. Est maiores beatae ea molestiae facere ex earum dolores sed accusantium error. Aut rerum nulla et repudiandae cumque quo recusandae expedita et mollitia nemo et quasi odit qui ullam aliquam. Aut fugit minima sed enim consequuntur non omnis optio sed saepe.\\r\\n\\r\\n33 velit beatae qui quia aspernatur 33 officiis praesentium vel porro enim. Aut autem nihil eum pariatur eius qui voluptate possimus. Ad cumque magnam ut consectetur autem ex temporibus quia et delectus minima eos veniam tempore ea dolor atque. Aut labore aperiam sit consequatur accusamus hic sequi reprehenderit.\\r\\n\\r\\nQui error quam cum unde expedita non inventore modi qui inventore quae. Doloribus quis in voluptas unde aut exercitationem tempore sit quia enim ut aperiam magni eos quia veli\"},{\"type\":\"image\",\"src\":\"notices\\/695e20d30861413a08de1e4a11cfa7bf.jpg\",\"title\":\"Gal\\u00e1xia XVL-96\"},{\"type\":\"paragraph\",\"content\":\"Lorem ipsum dolor sit amet. Est maiores beatae ea molestiae facere ex earum dolores sed accusantium error. Aut rerum nulla et repudiandae cumque quo recusandae expedita et mollitia nemo et quasi odit qui ullam aliquam. Aut fugit minima sed enim consequuntur non omnis optio sed saepe.\\r\\n\\r\\n33 velit beatae qui quia aspernatur 33 officiis praesentium vel porro enim. Aut autem nihil eum pariatur eius qui voluptate possimus. Ad cumque magnam ut consectetur autem ex temporibus quia et delectus minima eos veniam tempore ea dolor atque. Aut labore aperiam sit consequatur accusamus hic sequi reprehenderit.\\r\\n\\r\\nQui error quam cum unde expedita non inventore modi qui inventore quae. Doloribus quis in voluptas unde aut exercitationem tempore sit quia enim ut aperiam magni eos quia veli\"},{\"type\":\"image\",\"src\":\"notices\\/e1a0ce048b5723f1f029dd854e69f63d.jpg\",\"title\":\"Via L\\u00e1ctea\"},{\"type\":\"paragraph\",\"content\":\"Lorem ipsum dolor sit amet. Est maiores beatae ea molestiae facere ex earum dolores sed accusantium error. Aut rerum nulla et repudiandae cumque quo recusandae expedita et mollitia nemo et quasi odit qui ullam aliquam. Aut fugit minima sed enim consequuntur non omnis optio sed saepe.\\r\\n\\r\\n33 velit beatae qui quia aspernatur 33 officiis praesentium vel porro enim. Aut autem nihil eum pariatur eius qui voluptate possimus. Ad cumque magnam ut consectetur autem ex temporibus quia et delectus minima eos veniam tempore ea dolor atque. Aut labore aperiam sit consequatur accusamus hic sequi reprehenderit.\\r\\n\\r\\nQui error quam cum unde expedita non inventore modi qui inventore quae. Doloribus quis in voluptas unde aut exercitationem tempore sit quia enim ut aperiam magni eos quia veli\"},{\"type\":\"paragraph\",\"content\":\"Lorem ipsum dolor sit amet. Est maiores beatae ea molestiae facere ex earum dolores sed accusantium error. Aut rerum nulla et repudiandae cumque quo recusandae expedita et mollitia nemo et quasi odit qui ullam aliquam. Aut fugit minima sed enim consequuntur non omnis optio sed saepe.\\r\\n\\r\\n33 velit beatae qui quia aspernatur 33 officiis praesentium vel porro enim. Aut autem nihil eum pariatur eius qui voluptate possimus. Ad cumque magnam ut consectetur autem ex temporibus quia et delectus minima eos veniam tempore ea dolor atque. Aut labore aperiam sit consequatur accusamus hic sequi reprehenderit.\\r\\n\\r\\nQui error quam cum unde expedita non inventore modi qui inventore quae. Doloribus quis in voluptas unde aut exercitationem tempore sit quia enim ut aperiam magni eos quia veli\"},{\"type\":\"paragraph\",\"content\":\"Lorem ipsum dolor sit amet. Est maiores beatae ea molestiae facere ex earum dolores sed accusantium error. Aut rerum nulla et repudiandae cumque quo recusandae expedita et mollitia nemo et quasi odit qui ullam aliquam. Aut fugit minima sed enim consequuntur non omnis optio sed saepe.\\r\\n\\r\\n33 velit beatae qui quia aspernatur 33 officiis praesentium vel porro enim. Aut autem nihil eum pariatur eius qui voluptate possimus. Ad cumque magnam ut consectetur autem ex temporibus quia et delectus minima eos veniam tempore ea dolor atque. Aut labore aperiam sit consequatur accusamus hic sequi reprehenderit.\\r\\n\\r\\nQui error quam cum unde expedita non inventore modi qui inventore quae. Doloribus quis in voluptas unde aut exercitationem tempore sit quia enim ut aperiam magni eos quia veli\"},{\"type\":\"image\",\"src\":\"notices\\/f41c0054ad2b9a5d48efb9b2c07ca43b.jpg\",\"title\":\"Planeta Terra\"}]}', 'notices/27c28012bfe3da038f7e4767217026d7.jpg', 1, '2021-11-18 21:43:39', '2021-11-18 22:43:39'),
(5, 'Brasil empata com Argentina, porém garante vaga na copa do mundo de 2021', 'brasil-empata-com-argentina,-porem-garante-vaga-na-copa-do-mundo-de-2021', 'Brasil, Argentina, Copa do Mundo, Eliminatórias da Copa, Empate', 1, 0, 'Lorem ipsum dolor sit amet. Est maiores beatae ea molestiae facere ex earum dolores sed accusantium error. Aut rerum nulla et repudiandae cumque quo recusandae expedita et mollitia nemo et quasi odit qui ullam aliquam. Aut fugit minima sed enim consequuntur non omnis optio sed saepe.', '{\"elements\":[{\"type\":\"paragraph\",\"content\":\"Lorem ipsum dolor sit amet. Est maiores beatae ea molestiae facere ex earum dolores sed accusantium error. Aut rerum nulla et repudiandae cumque quo recusandae expedita et mollitia nemo et quasi odit qui ullam aliquam. Aut fugit minima sed enim consequuntur non omnis optio sed saepe.\\r\\n\\r\\n33 velit beatae qui quia aspernatur 33 officiis praesentium vel porro enim. Aut autem nihil eum pariatur eius qui voluptate possimus. Ad cumque magnam ut consectetur autem ex temporibus quia et delectus minima eos veniam tempore ea dolor atque. Aut labore aperiam sit consequatur accusamus hic sequi reprehenderit.\\r\\n\\r\\nQui error quam cum unde expedita non inventore modi qui inventore quae. Doloribus quis in voluptas unde aut exercitationem tempore sit quia enim ut aperiam magni eos quia veli\"},{\"type\":\"paragraph\",\"content\":\"Lorem ipsum dolor sit amet. Est maiores beatae ea molestiae facere ex earum dolores sed accusantium error. Aut rerum nulla et repudiandae cumque quo recusandae expedita et mollitia nemo et quasi odit qui ullam aliquam. Aut fugit minima sed enim consequuntur non omnis optio sed saepe.\\r\\n\\r\\n33 velit beatae qui quia aspernatur 33 officiis praesentium vel porro enim. Aut autem nihil eum pariatur eius qui voluptate possimus. Ad cumque magnam ut consectetur autem ex temporibus quia et delectus minima eos veniam tempore ea dolor atque. Aut labore aperiam sit consequatur accusamus hic sequi reprehenderit.\\r\\n\\r\\nQui error quam cum unde expedita non inventore modi qui inventore quae. Doloribus quis in voluptas unde aut exercitationem tempore sit quia enim ut aperiam magni eos quia veli\"},{\"type\":\"image\",\"src\":\"notices\\/9dc1ee64bff5133015d28e7e6d6756ff.jpg\",\"title\":\"Brasil e Argentina\"},{\"type\":\"paragraph\",\"content\":\"Lorem ipsum dolor sit amet. Est maiores beatae ea molestiae facere ex earum dolores sed accusantium error. Aut rerum nulla et repudiandae cumque quo recusandae expedita et mollitia nemo et quasi odit qui ullam aliquam. Aut fugit minima sed enim consequuntur non omnis optio sed saepe.\\r\\n\\r\\n33 velit beatae qui quia aspernatur 33 officiis praesentium vel porro enim. Aut autem nihil eum pariatur eius qui voluptate possimus. Ad cumque magnam ut consectetur autem ex temporibus quia et delectus minima eos veniam tempore ea dolor atque. Aut labore aperiam sit consequatur accusamus hic sequi reprehenderit.\\r\\n\\r\\nQui error quam cum unde expedita non inventore modi qui inventore quae. Doloribus quis in voluptas unde aut exercitationem tempore sit quia enim ut aperiam magni eos quia veli\"}]}', 'notices/6356751c64193270f74e25f0ba2e2993.jpg', 1, '2021-11-18 21:49:06', '2021-11-18 22:49:06'),
(6, 'Novo cantor sertanejo está fazendo sucesso no Brasil', 'novo-cantor-sertanejo-esta-fazendo-sucesso-no-brasil', 'Música, Sertanejo, Brasil', 1, 0, '33 velit beatae qui quia aspernatur 33 officiis praesentium vel porro enim. Aut autem nihil eum pariatur eius qui voluptate possimus. Ad cumque magnam ut consectetur autem ex temporibus quia et delectus minima eos veniam tempore ea dolor atque. Aut labore aperiam sit consequatur accusamus hic sequi reprehenderit.', '{\"elements\":[{\"type\":\"paragraph\",\"content\":\"Lorem ipsum dolor sit amet. Est maiores beatae ea molestiae facere ex earum dolores sed accusantium error. Aut rerum nulla et repudiandae cumque quo recusandae expedita et mollitia nemo et quasi odit qui ullam aliquam. Aut fugit minima sed enim consequuntur non omnis optio sed saepe.\\r\\n\\r\\n33 velit beatae qui quia aspernatur 33 officiis praesentium vel porro enim. Aut autem nihil eum pariatur eius qui voluptate possimus. Ad cumque magnam ut consectetur autem ex temporibus quia et delectus minima eos veniam tempore ea dolor atque. Aut labore aperiam sit consequatur accusamus hic sequi reprehenderit.\\r\\n\\r\\nQui error quam cum unde expedita non inventore modi qui inventore quae. Doloribus quis in voluptas unde aut exercitationem tempore sit quia enim ut aperiam magni eos quia veli\"},{\"type\":\"image\",\"src\":\"notices\\/77e589aa2a21d24a553ccdea141568db.jpg\",\"title\":\"Cantor de Sertanejo\"},{\"type\":\"paragraph\",\"content\":\"Lorem ipsum dolor sit amet. Est maiores beatae ea molestiae facere ex earum dolores sed accusantium error. Aut rerum nulla et repudiandae cumque quo recusandae expedita et mollitia nemo et quasi odit qui ullam aliquam. Aut fugit minima sed enim consequuntur non omnis optio sed saepe.\\r\\n\\r\\n33 velit beatae qui quia aspernatur 33 officiis praesentium vel porro enim. Aut autem nihil eum pariatur eius qui voluptate possimus. Ad cumque magnam ut consectetur autem ex temporibus quia et delectus minima eos veniam tempore ea dolor atque. Aut labore aperiam sit consequatur accusamus hic sequi reprehenderit.\\r\\n\\r\\nQui error quam cum unde expedita non inventore modi qui inventore quae. Doloribus quis in voluptas unde aut exercitationem tempore sit quia enim ut aperiam magni eos quia veli\"}]}', 'notices/e994ee6594266c7fbb3443029271c731.jpg', 1, '2021-11-18 22:51:17', '2021-11-18 22:51:17');

-- --------------------------------------------------------

--
-- Estrutura da tabela `notices_categories`
--

CREATE TABLE `notices_categories` (
  `id` int(11) UNSIGNED NOT NULL,
  `notice_id` int(11) UNSIGNED NOT NULL,
  `category_id` int(11) UNSIGNED NOT NULL
) ENGINE=InnoDB DEFAULT CHARSET=utf8mb4 COLLATE=utf8mb4_unicode_ci;

--
-- Extraindo dados da tabela `notices_categories`
--

INSERT INTO `notices_categories` (`id`, `notice_id`, `category_id`) VALUES
(26, 3, 5),
(27, 3, 10),
(28, 4, 2),
(29, 4, 8),
(30, 4, 11),
(31, 4, 15),
(32, 5, 6),
(33, 6, 15),
(34, 6, 16);

-- --------------------------------------------------------

--
-- Estrutura da tabela `permissions`
--

CREATE TABLE `permissions` (
  `id` int(11) UNSIGNED NOT NULL,
  `name` varchar(50) COLLATE utf8mb4_unicode_ci NOT NULL,
  `description` text COLLATE utf8mb4_unicode_ci NOT NULL
) ENGINE=InnoDB DEFAULT CHARSET=utf8mb4 COLLATE=utf8mb4_unicode_ci;

--
-- Extraindo dados da tabela `permissions`
--

INSERT INTO `permissions` (`id`, `name`, `description`) VALUES
(1, 'view.users', 'view.users'),
(2, 'create.users', 'create.users'),
(3, 'edit.users', 'edit.users'),
(4, 'delete.users', 'delete.users'),
(5, 'view.notices', 'view.notices'),
(6, 'create.notices', 'create.notices'),
(7, 'edit.notices', 'edit.notices'),
(8, 'delete.notices', 'delete.notices'),
(9, 'view.categories', 'view.categories'),
(10, 'create.categories', 'create.categories'),
(11, 'edit.categories', 'edit.categories'),
(12, 'delete.categories', 'delete.categories'),
(13, 'view.roles', 'view.roles'),
(14, 'create.roles', 'create.roles'),
(15, 'edit.roles', 'edit.roles'),
(16, 'delete.roles', 'delete.roles'),
(17, 'view.permissions', 'view.permissions'),
(18, 'create.permissions', 'create.permissions'),
(19, 'edit.permissions', 'edit.permissions'),
(20, 'delete.permissions', 'delete.permissions');

-- --------------------------------------------------------

--
-- Estrutura da tabela `roles`
--

CREATE TABLE `roles` (
  `id` int(11) UNSIGNED NOT NULL,
  `name` varchar(50) COLLATE utf8mb4_unicode_ci NOT NULL,
  `description` text COLLATE utf8mb4_unicode_ci NOT NULL
) ENGINE=InnoDB DEFAULT CHARSET=utf8mb4 COLLATE=utf8mb4_unicode_ci;

--
-- Extraindo dados da tabela `roles`
--

INSERT INTO `roles` (`id`, `name`, `description`) VALUES
(1, 'Administração', 'Administrador do Sistema'),
(2, 'Usuário', 'Usuário comum do sisitema');

-- --------------------------------------------------------

--
-- Estrutura da tabela `roles_permissions`
--

CREATE TABLE `roles_permissions` (
  `id` int(11) UNSIGNED NOT NULL,
  `role_id` int(11) UNSIGNED NOT NULL,
  `permission_id` int(11) UNSIGNED NOT NULL
) ENGINE=InnoDB DEFAULT CHARSET=utf8mb4 COLLATE=utf8mb4_unicode_ci;

--
-- Extraindo dados da tabela `roles_permissions`
--

INSERT INTO `roles_permissions` (`id`, `role_id`, `permission_id`) VALUES
(2, 1, 2),
(3, 1, 3),
(4, 1, 4),
(5, 1, 5),
(6, 1, 6),
(7, 1, 7),
(8, 1, 8),
(9, 1, 9),
(10, 1, 10),
(11, 1, 11),
(12, 1, 12),
(13, 1, 13),
(14, 1, 14),
(15, 1, 15),
(16, 1, 16),
(17, 1, 17),
(18, 1, 18),
(19, 1, 19),
(20, 1, 20),
(22, 1, 1),
(23, 2, 1),
(24, 2, 5),
(25, 2, 9),
(26, 2, 13),
(27, 2, 17);

-- --------------------------------------------------------

--
-- Estrutura da tabela `users`
--

CREATE TABLE `users` (
  `id` int(11) UNSIGNED NOT NULL,
  `name` varchar(100) COLLATE utf8mb4_unicode_ci NOT NULL,
  `email` varchar(100) COLLATE utf8mb4_unicode_ci NOT NULL,
  `password` varchar(100) COLLATE utf8mb4_unicode_ci NOT NULL,
  `created_at` timestamp NOT NULL DEFAULT CURRENT_TIMESTAMP ON UPDATE CURRENT_TIMESTAMP,
  `updated_at` timestamp NOT NULL DEFAULT '0000-00-00 00:00:00'
) ENGINE=InnoDB DEFAULT CHARSET=utf8mb4 COLLATE=utf8mb4_unicode_ci;

--
-- Extraindo dados da tabela `users`
--

INSERT INTO `users` (`id`, `name`, `email`, `password`, `created_at`, `updated_at`) VALUES
(1, 'Ryan Menezes', 'menezesryan1010@gmail.com', '$2y$10$t/Ay9IJIcHUAlisbw/BZbu1y7xc55VeNAFs8rIMpaP7rdqzppSgk6', '2021-11-14 16:37:27', '2021-11-14 17:37:27'),
(2, 'Carlos Oliveira Editado', 'carlos@gmail.com', '$2y$10$FUenrS2ZbqTdR/ajVDPtmeZNvseMps6q5y/avDQ2r4iqhlwbtGapK', '2021-11-14 19:01:29', '2021-11-14 20:01:29'),
(3, 'Nicolas', 'nicolas@gmail.com', '', '2021-11-14 15:50:05', '2021-11-14 16:50:05'),
(4, 'Kaio Mendes', 'kaio@gmail.com', '$2y$10$Dyrv8sx6Dj7VO6ylNXRok.HK.JpZgX4PwHfso8HO3mtJYI.kWJ8Om', '2021-11-15 15:21:30', '2021-11-15 16:21:30'),
(5, 'João Gomes', 'joao@gmail.com', '$2y$10$rxLkuubkDUhkVuWA6rsOgO4iX4ZMK1Bb5HibaTfme1/lU5fOwPqkC', '2021-11-13 20:22:39', '2021-11-13 20:22:39'),
(6, 'Marcos Lucas', 'marcos@gmail.com', '', '2021-11-14 15:50:28', '2021-11-14 16:50:28'),
(7, 'Ana Júlia', 'ana@gmail.com', '$2y$10$WBR7uyAZrvjf53iw5c.RzenmGH13dy8NepoNqD8T2ut1vvsX1cSlq', '2021-11-13 20:23:24', '2021-11-13 20:23:24'),
(8, 'Jaime Oliveira', 'jaime@gmail.com', '$2y$10$NcqaWkpTwAZSYNajih95betKaFbD02qwekHsDmDdEg0RsxlniRc0m', '2021-11-14 20:06:24', '2021-11-14 20:06:24'),
(10, 'Nicole Dantas', 'nicole@gmail.com', '$2y$10$Rd6EUhj31JyvMIXi8CQ/xudMHhO7GgIId1LWfR28GxdtLwrKoITvm', '2021-11-14 20:07:19', '2021-11-14 20:07:19'),
(11, 'Marília Santos', 'marilia@gmail.com', '$2y$10$/ceOWx1CGURPy8q1h99Zce9kxc1ei0TXkDHSq5oaBqw/K5YNEQK/y', '2021-11-14 20:07:46', '2021-11-14 20:07:46');

-- --------------------------------------------------------

--
-- Estrutura da tabela `users_roles`
--

CREATE TABLE `users_roles` (
  `id` int(11) UNSIGNED NOT NULL,
  `user_id` int(11) UNSIGNED NOT NULL,
  `role_id` int(11) UNSIGNED NOT NULL
) ENGINE=InnoDB DEFAULT CHARSET=utf8mb4 COLLATE=utf8mb4_unicode_ci;

--
-- Extraindo dados da tabela `users_roles`
--

INSERT INTO `users_roles` (`id`, `user_id`, `role_id`) VALUES
(9, 1, 1),
(10, 4, 2);

--
-- Indexes for dumped tables
--

--
-- Indexes for table `categories`
--
ALTER TABLE `categories`
  ADD PRIMARY KEY (`id`);

--
-- Indexes for table `notices`
--
ALTER TABLE `notices`
  ADD PRIMARY KEY (`id`),
  ADD UNIQUE KEY `title` (`title`),
  ADD UNIQUE KEY `slug` (`slug`),
  ADD KEY `user_id` (`user_id`);

--
-- Indexes for table `notices_categories`
--
ALTER TABLE `notices_categories`
  ADD PRIMARY KEY (`id`),
  ADD KEY `notice_id` (`notice_id`),
  ADD KEY `category_id` (`category_id`);

--
-- Indexes for table `permissions`
--
ALTER TABLE `permissions`
  ADD PRIMARY KEY (`id`);

--
-- Indexes for table `roles`
--
ALTER TABLE `roles`
  ADD PRIMARY KEY (`id`);

--
-- Indexes for table `roles_permissions`
--
ALTER TABLE `roles_permissions`
  ADD PRIMARY KEY (`id`),
  ADD KEY `role_id` (`role_id`),
  ADD KEY `permission_id` (`permission_id`);

--
-- Indexes for table `users`
--
ALTER TABLE `users`
  ADD PRIMARY KEY (`id`);

--
-- Indexes for table `users_roles`
--
ALTER TABLE `users_roles`
  ADD PRIMARY KEY (`id`),
  ADD KEY `role_id` (`role_id`),
  ADD KEY `user_id` (`user_id`);

--
-- AUTO_INCREMENT for dumped tables
--

--
-- AUTO_INCREMENT for table `categories`
--
ALTER TABLE `categories`
  MODIFY `id` int(11) UNSIGNED NOT NULL AUTO_INCREMENT, AUTO_INCREMENT=19;

--
-- AUTO_INCREMENT for table `notices`
--
ALTER TABLE `notices`
  MODIFY `id` int(11) UNSIGNED NOT NULL AUTO_INCREMENT, AUTO_INCREMENT=7;

--
-- AUTO_INCREMENT for table `notices_categories`
--
ALTER TABLE `notices_categories`
  MODIFY `id` int(11) UNSIGNED NOT NULL AUTO_INCREMENT, AUTO_INCREMENT=35;

--
-- AUTO_INCREMENT for table `permissions`
--
ALTER TABLE `permissions`
  MODIFY `id` int(11) UNSIGNED NOT NULL AUTO_INCREMENT, AUTO_INCREMENT=21;

--
-- AUTO_INCREMENT for table `roles`
--
ALTER TABLE `roles`
  MODIFY `id` int(11) UNSIGNED NOT NULL AUTO_INCREMENT, AUTO_INCREMENT=4;

--
-- AUTO_INCREMENT for table `roles_permissions`
--
ALTER TABLE `roles_permissions`
  MODIFY `id` int(11) UNSIGNED NOT NULL AUTO_INCREMENT, AUTO_INCREMENT=30;

--
-- AUTO_INCREMENT for table `users`
--
ALTER TABLE `users`
  MODIFY `id` int(11) UNSIGNED NOT NULL AUTO_INCREMENT, AUTO_INCREMENT=12;

--
-- AUTO_INCREMENT for table `users_roles`
--
ALTER TABLE `users_roles`
  MODIFY `id` int(11) UNSIGNED NOT NULL AUTO_INCREMENT, AUTO_INCREMENT=11;

--
-- Constraints for dumped tables
--

--
-- Limitadores para a tabela `notices`
--
ALTER TABLE `notices`
  ADD CONSTRAINT `notices_ibfk_1` FOREIGN KEY (`user_id`) REFERENCES `users` (`id`) ON DELETE SET NULL ON UPDATE CASCADE;

--
-- Limitadores para a tabela `notices_categories`
--
ALTER TABLE `notices_categories`
  ADD CONSTRAINT `notices_categories_ibfk_1` FOREIGN KEY (`notice_id`) REFERENCES `notices` (`id`) ON DELETE CASCADE ON UPDATE CASCADE,
  ADD CONSTRAINT `notices_categories_ibfk_2` FOREIGN KEY (`category_id`) REFERENCES `categories` (`id`) ON DELETE CASCADE ON UPDATE CASCADE;

--
-- Limitadores para a tabela `roles_permissions`
--
ALTER TABLE `roles_permissions`
  ADD CONSTRAINT `roles_permissions_ibfk_1` FOREIGN KEY (`role_id`) REFERENCES `roles` (`id`) ON DELETE CASCADE ON UPDATE CASCADE,
  ADD CONSTRAINT `roles_permissions_ibfk_2` FOREIGN KEY (`permission_id`) REFERENCES `permissions` (`id`) ON DELETE CASCADE ON UPDATE CASCADE;

--
-- Limitadores para a tabela `users_roles`
--
ALTER TABLE `users_roles`
  ADD CONSTRAINT `users_roles_ibfk_1` FOREIGN KEY (`role_id`) REFERENCES `roles` (`id`) ON DELETE CASCADE ON UPDATE CASCADE,
  ADD CONSTRAINT `users_roles_ibfk_2` FOREIGN KEY (`user_id`) REFERENCES `users` (`id`) ON DELETE CASCADE ON UPDATE CASCADE;
COMMIT;

/*!40101 SET CHARACTER_SET_CLIENT=@OLD_CHARACTER_SET_CLIENT */;
/*!40101 SET CHARACTER_SET_RESULTS=@OLD_CHARACTER_SET_RESULTS */;
/*!40101 SET COLLATION_CONNECTION=@OLD_COLLATION_CONNECTION */;
